detector,classifier,Size_detector,Size_classifier,mAP50-95,det_lat_ms,cls_lat_ms,e2e_lat_ms,n_det_faces,n_gt_faces,e2e_accuracy,cls_accuracy,f1_pipeline,f1_classifier,EDUS,EDUS_rank
YOLO-FP32-Base,YOLO-FP32-Base,10.228,6.792,0.5038,49.7403,28.1365,228.4137,6.75,6.6,0.5076,0.5151,0.5113,0.5151,0.9239,20
YOLO-FP32-Base,YOLO-FP32-P10,10.228,6.104,0.5038,49.7403,30.2203,243.1175,6.75,6.6,0.4977,0.5041,0.5009,0.5041,0.9235,21
YOLO-FP32-Base,YOLO-FP32-P15,10.228,5.74,0.5038,49.7403,28.5298,230.8321,6.75,6.6,0.4829,0.4956,0.4892,0.4956,0.9221,22
YOLO-FP32-Base,YOLO-FP16-P10,10.228,3.396,0.5038,49.7403,7.2266,95.1678,6.75,6.6,0.4553,0.4644,0.4598,0.4644,0.922,23
YOLO-FP32-Base,YOLO-FP16-P15,10.228,3.052,0.5038,49.7403,7.2944,95.8234,6.75,6.6,0.444,0.4529,0.4484,0.4529,0.9206,24
YOLO-FP32-Base,YOLO-INT8-P10,10.228,1.526,0.5038,49.7403,7.4482,96.4714,6.75,6.6,0.4598,0.4694,0.4646,0.4694,0.927,19
YOLO-FP32-Base,YOLO-INT8-P15,10.228,1.435,0.5038,49.7403,7.9746,100.3477,6.75,6.6,0.4153,0.4225,0.4189,0.4225,0.9188,26
YOLO-FP32-Base,LANMSFF,10.228,1.224,0.5038,49.7403,6.0766,89.6907,6.75,6.6,0.4152,0.427,0.421,0.427,0.9197,25
YOLO-FP32-Base,MobileNetV3,10.228,5.148,0.5038,49.7403,12.2674,167.2832,6.75,6.6,0.4053,0.421,0.613,0.621,0.9095,36
YOLO-FP32-Base,POSTERv2,10.228,180.56,0.5038,49.7403,30.4072,242.7098,6.75,6.6,0.6366,0.6534,0.6449,0.6534,0.5608,73
YOLO-FP32-Base,PCNN,10.228,103.524,0.5038,49.7403,29.0722,237.0558,6.75,6.6,0.1553,0.1583,0.1568,0.1583,0.6429,66
YOLO-FP32-P10,YOLO-FP32-Base,9.257,6.792,0.4873,49.9524,28.1366,225.4736,6.7,6.6,0.5081,0.5187,0.5133,0.5187,0.9179,27
YOLO-FP32-P10,YOLO-FP32-P10,9.257,6.104,0.4873,49.9524,29.6174,234.2594,6.7,6.6,0.4538,0.4649,0.4593,0.4649,0.9095,36
YOLO-FP32-P10,YOLO-FP32-P15,9.257,5.74,0.4873,49.9524,28.5876,227.8714,6.7,6.6,0.4119,0.421,0.4164,0.421,0.9024,50
YOLO-FP32-P10,YOLO-FP16-P10,9.257,3.396,0.4873,49.9524,7.2442,94.6864,6.7,6.6,0.4488,0.4627,0.4556,0.4627,0.9149,30
YOLO-FP32-P10,YOLO-FP16-P15,9.257,3.052,0.4873,49.9524,7.2833,95.0353,6.7,6.6,0.4327,0.4404,0.4365,0.4404,0.9121,32
YOLO-FP32-P10,YOLO-INT8-P10,9.257,1.526,0.4873,49.9524,8.219,101.9635,6.7,6.6,0.3847,0.396,0.3903,0.396,0.907,41
YOLO-FP32-P10,YOLO-INT8-P15,9.257,1.435,0.4873,49.9524,7.3672,95.7018,6.7,6.6,0.4007,0.4116,0.4061,0.4116,0.9101,35
YOLO-FP32-P10,LANMSFF,9.257,1.224,0.4873,49.9524,5.6597,85.2444,6.7,6.6,0.4146,0.4345,0.4243,0.4345,0.914,31
YOLO-FP32-P10,MobileNetV3,9.257,5.148,0.4873,49.9524,12.2716,166.2492,6.7,6.6,0.3942,0.418,0.6059,0.618,0.9018,53
YOLO-FP32-P10,POSTERv2,9.257,180.56,0.4873,49.9524,30.3646,239.866,6.7,6.6,0.6342,0.6612,0.6474,0.6612,0.555,74
YOLO-FP32-P10,PCNN,9.257,103.524,0.4873,49.9524,28.4464,227.5884,6.7,6.6,0.1217,0.1281,0.1248,0.1281,0.6307,67
YOLO-FP32-P15,YOLO-FP32-Base,8.674,6.792,0.4791,49.9619,28.2524,226.0806,6.75,6.6,0.5157,0.5217,0.5187,0.5217,0.9159,28
YOLO-FP32-P15,YOLO-FP32-P10,8.674,6.104,0.4791,49.9619,28.441,227.1884,6.75,6.6,0.4781,0.4853,0.4817,0.4853,0.9106,34
YOLO-FP32-P15,YOLO-FP32-P15,8.674,5.74,0.4791,49.9619,28.5139,227.6408,6.75,6.6,0.4965,0.5127,0.5045,0.5127,0.9156,29
YOLO-FP32-P15,YOLO-FP16-P10,8.674,3.396,0.4791,49.9619,7.2126,94.4553,6.75,6.6,0.4221,0.4349,0.4284,0.4349,0.9068,43
YOLO-FP32-P15,YOLO-FP16-P15,8.674,3.052,0.4791,49.9619,7.326,95.0635,6.75,6.6,0.4248,0.4337,0.4292,0.4337,0.9078,40
YOLO-FP32-P15,YOLO-INT8-P10,8.674,1.526,0.4791,49.9619,7.6758,97.0832,6.75,6.6,0.384,0.3966,0.3902,0.3966,0.904,47
YOLO-FP32-P15,YOLO-INT8-P15,8.674,1.435,0.4791,49.9619,7.3345,95.3453,6.75,6.6,0.4036,0.406,0.4048,0.406,0.9069,42
YOLO-FP32-P15,LANMSFF,8.674,1.224,0.4791,49.9619,5.6553,85.1951,6.75,6.6,0.3703,0.3896,0.3797,0.3896,0.9028,49
YOLO-FP32-P15,MobileNetV3,8.674,5.148,0.4791,49.9619,12.2789,166.2842,6.75,6.6,0.3885,0.4225,0.605,0.6225,0.8987,57
YOLO-FP32-P15,POSTERv2,8.674,180.56,0.4791,49.9619,30.429,239.805,6.75,6.6,0.6111,0.6481,0.6291,0.6481,0.5486,75
YOLO-FP32-P15,PCNN,8.674,103.524,0.4791,49.9619,28.4329,227.424,6.75,6.6,0.1034,0.1059,0.1046,0.1059,0.624,68
YOLO-FP16-P10,YOLO-FP32-Base,4.629,6.792,0.4895,23.5483,28.3041,201.5662,6.8,6.6,0.5189,0.5272,0.523,0.5272,0.9494,1
YOLO-FP16-P10,YOLO-FP32-P10,4.629,6.104,0.4895,23.5483,28.456,202.2658,6.8,6.6,0.5052,0.514,0.5096,0.514,0.9484,2
YOLO-FP16-P10,YOLO-FP32-P15,4.629,5.74,0.4895,23.5483,28.2896,201.4401,6.8,6.6,0.4799,0.4887,0.4843,0.4887,0.9446,6
YOLO-FP16-P10,YOLO-FP16-P10,4.629,3.396,0.4895,23.5483,7.2409,68.5648,6.8,6.6,0.4347,0.4458,0.4402,0.4458,0.9417,11
YOLO-FP16-P10,YOLO-FP16-P15,4.629,3.052,0.4895,23.5483,7.3,68.9697,6.8,6.6,0.4582,0.4673,0.4627,0.4673,0.9466,4
YOLO-FP16-P10,YOLO-INT8-P10,4.629,1.526,0.4895,23.5483,7.8145,71.7144,6.8,6.6,0.3847,0.3933,0.389,0.3933,0.9365,13
YOLO-FP16-P10,YOLO-INT8-P15,4.629,1.435,0.4895,23.5483,7.3401,69.3377,6.8,6.6,0.4146,0.4212,0.4179,0.4212,0.942,10
YOLO-FP16-P10,LANMSFF,4.629,1.224,0.4895,23.5483,5.654,59.1638,6.8,6.6,0.4014,0.4166,0.4089,0.4166,0.9408,12
YOLO-FP16-P10,MobileNetV3,4.629,5.148,0.4895,23.5483,12.2692,140.4809,6.8,6.6,0.3921,0.4141,0.6029,0.6141,0.931,18
YOLO-FP16-P10,POSTERv2,4.629,180.56,0.4895,23.5483,30.3884,215.0856,6.8,6.6,0.6311,0.6545,0.6426,0.6545,0.5838,71
YOLO-FP16-P10,PCNN,4.629,103.524,0.4895,23.5483,28.4592,202.6051,6.8,6.6,0.1262,0.1312,0.1287,0.1312,0.6611,64
YOLO-FP16-P15,YOLO-FP32-Base,4.334,6.792,0.4842,23.3133,28.2521,199.7182,6.7,6.6,0.5157,0.5231,0.5194,0.5231,0.947,3
YOLO-FP16-P15,YOLO-FP32-P10,4.334,6.104,0.4842,23.3133,28.3345,199.8449,6.7,6.6,0.4874,0.4987,0.493,0.4987,0.9436,7
YOLO-FP16-P15,YOLO-FP32-P15,4.334,5.74,0.4842,23.3133,28.2646,199.3856,6.7,6.6,0.475,0.4935,0.4841,0.4935,0.9428,9
YOLO-FP16-P15,YOLO-FP16-P10,4.334,3.396,0.4842,23.3133,7.4501,68.8044,6.7,6.6,0.4036,0.4097,0.4066,0.4097,0.9338,15
YOLO-FP16-P15,YOLO-FP16-P15,4.334,3.052,0.4842,23.3133,7.2802,68.3445,6.7,6.6,0.4473,0.4569,0.452,0.4569,0.9429,8
YOLO-FP16-P15,YOLO-INT8-P10,4.334,1.526,0.4842,23.3133,8.7903,77.8228,6.7,6.6,0.3717,0.3783,0.375,0.3783,0.9322,16
YOLO-FP16-P15,YOLO-INT8-P15,4.334,1.435,0.4842,23.3133,7.3399,68.7294,6.7,6.6,0.4431,0.4543,0.4486,0.4543,0.9459,5
YOLO-FP16-P15,LANMSFF,4.334,1.224,0.4842,23.3133,5.6692,58.6713,6.7,6.6,0.3735,0.3908,0.382,0.3908,0.9341,14
YOLO-FP16-P15,MobileNetV3,4.334,5.148,0.4842,23.3133,12.2733,130.6082,6.7,6.6,0.3983,0.4316,0.6145,0.6316,0.9314,17
YOLO-FP16-P15,POSTERv2,4.334,180.56,0.4842,23.3133,30.3695,213.0918,6.7,6.6,0.5996,0.6325,0.6156,0.6325,0.5771,72
YOLO-FP16-P15,PCNN,4.334,103.524,0.4842,23.3133,28.5173,201.2266,6.7,6.6,0.1152,0.1177,0.1164,0.1177,0.6571,65
YOLO-INT8-P10,YOLO-FP32-Base,2.315,6.792,0.4033,24.4833,30.0665,209.2869,7.9,6.6,0.4789,0.4942,0.4864,0.4942,0.9086,38
YOLO-INT8-P10,YOLO-FP32-P10,2.315,6.104,0.4033,24.4833,28.3146,196.8084,7.9,6.6,0.4399,0.449,0.4444,0.449,0.9024,50
YOLO-INT8-P10,YOLO-FP32-P15,2.315,5.74,0.4033,24.4833,28.2241,196.3166,7.9,6.6,0.3938,0.4018,0.3978,0.4018,0.8946,61
YOLO-INT8-P10,YOLO-FP16-P10,2.315,3.396,0.4033,24.4833,7.1724,67.7296,7.9,6.6,0.383,0.3903,0.3866,0.3903,0.8978,59
YOLO-INT8-P10,YOLO-FP16-P15,2.315,3.052,0.4033,24.4833,7.2644,68.3489,7.9,6.6,0.4343,0.446,0.4401,0.446,0.9084,39
YOLO-INT8-P10,YOLO-INT8-P10,2.315,1.526,0.4033,24.4833,7.6095,71.9156,7.9,6.6,0.3531,0.3608,0.3569,0.3608,0.8965,60
YOLO-INT8-P10,YOLO-INT8-P15,2.315,1.435,0.4033,24.4833,7.3226,68.7463,7.9,6.6,0.3924,0.3972,0.3948,0.3972,0.9037,48
YOLO-INT8-P10,LANMSFF,2.315,1.224,0.4033,24.4833,5.6622,58.9618,7.9,6.6,0.3927,0.4219,0.4068,0.4219,0.9064,44
YOLO-INT8-P10,MobileNetV3,2.315,5.148,0.4033,24.4833,12.2834,130.0372,7.9,6.6,0.3488,0.3883,0.5679,0.5883,0.8905,62
YOLO-INT8-P10,POSTERv2,2.315,180.56,0.4033,24.4833,30.3515,209.5242,7.9,6.6,0.5694,0.6165,0.592,0.6165,0.5405,77
YOLO-INT8-P10,PCNN,2.315,103.524,0.4033,24.4833,28.4204,197.6982,7.9,6.6,0.1071,0.1112,0.1091,0.1112,0.6235,69
YOLO-INT8-P15,YOLO-FP32-Base,2.17,6.792,0.398,24.3988,28.8646,202.8848,10.3,6.6,0.4547,0.4597,0.4572,0.4597,0.9013,55
YOLO-INT8-P15,YOLO-FP32-P10,2.17,6.104,0.398,24.3988,28.3755,199.871,10.3,6.6,0.4662,0.4762,0.4711,0.4762,0.9054,45
YOLO-INT8-P15,YOLO-FP32-P15,2.17,5.74,0.398,24.3988,28.1917,198.7455,10.3,6.6,0.4389,0.4573,0.4479,0.4573,0.9019,52
YOLO-INT8-P15,YOLO-FP16-P10,2.17,3.396,0.398,24.3988,7.3482,69.1807,10.3,6.6,0.4084,0.4145,0.4114,0.4145,0.9004,56
YOLO-INT8-P15,YOLO-FP16-P15,2.17,3.052,0.398,24.3988,7.2686,68.9907,10.3,6.6,0.4281,0.4377,0.4328,0.4377,0.9051,46
YOLO-INT8-P15,YOLO-INT8-P10,2.17,1.526,0.398,24.3988,8.033,73.1876,10.3,6.6,0.3723,0.3784,0.3753,0.3784,0.898,58
YOLO-INT8-P15,YOLO-INT8-P15,2.17,1.435,0.398,24.3988,8.2481,75.0773,10.3,6.6,0.3876,0.3978,0.3926,0.3978,0.9014,54
YOLO-INT8-P15,LANMSFF,2.17,1.224,0.398,24.3988,5.667,59.502,10.3,6.6,0.4316,0.4574,0.4441,0.4574,0.9113,33
YOLO-INT8-P15,MobileNetV3,2.17,5.148,0.398,24.3988,12.2634,160.0964,10.3,6.6,0.2914,0.3163,0.5035,0.5163,0.8767,63
YOLO-INT8-P15,POSTERv2,2.17,180.56,0.398,24.3988,30.3408,212.4133,10.3,6.6,0.5969,0.6346,0.6152,0.6346,0.5428,76
YOLO-INT8-P15,PCNN,2.17,103.524,0.398,24.3988,28.4111,200.3517,10.3,6.6,0.1172,0.1197,0.1184,0.1197,0.6233,70
RT-DETR-FP32,YOLO-FP32-Base,253.4,6.792,0.5247,365.7923,29.1328,552.9884,7.7,6.6,0.5055,0.5143,0.5099,0.5143,0.5121,78
RT-DETR-FP32,YOLO-FP32-P10,253.4,6.104,0.5247,365.7923,28.3692,547.0042,7.7,6.6,0.4621,0.4707,0.4664,0.4707,0.5056,83
RT-DETR-FP32,YOLO-FP32-P15,253.4,5.74,0.5247,365.7923,28.2941,546.5268,7.7,6.6,0.4856,0.4949,0.4902,0.4949,0.5108,79
RT-DETR-FP32,YOLO-FP16-P10,253.4,3.396,0.5247,365.7923,7.2308,411.3403,7.7,6.6,0.4245,0.4326,0.4285,0.4326,0.5047,84
RT-DETR-FP32,YOLO-FP16-P15,253.4,3.052,0.5247,365.7923,7.2954,412.0266,7.7,6.6,0.4147,0.4181,0.4164,0.4181,0.5032,85
RT-DETR-FP32,YOLO-INT8-P10,253.4,1.526,0.5247,365.7923,7.6492,415.6762,7.7,6.6,0.4076,0.4157,0.4116,0.4157,0.5057,82
RT-DETR-FP32,YOLO-INT8-P15,253.4,1.435,0.5247,365.7923,8.2039,417.3229,7.7,6.6,0.4171,0.4203,0.4187,0.4203,0.5073,81
RT-DETR-FP32,LANMSFF,253.4,1.224,0.5247,365.7923,5.6561,401.9165,7.7,6.6,0.4132,0.4281,0.4205,0.4281,0.5081,80
RT-DETR-FP32,MobileNetV3,253.4,5.148,0.5247,365.7923,12.2823,503.9952,7.7,6.6,0.3863,0.4075,0.5967,0.6075,0.4949,86
RT-DETR-FP32,POSTERv2,253.4,180.56,0.5247,365.7923,30.3943,560.1283,7.7,6.6,0.6055,0.6269,0.616,0.6269,0.144,88
RT-DETR-FP32,PCNN,253.4,103.524,0.5247,365.7923,28.4349,547.5884,7.7,6.6,0.1196,0.126,0.1227,0.126,0.2252,87
