detector,classifier,Size_detector,Size_classifier,mAP50-95,det_lat_ms,cls_lat_ms,e2e_lat_ms,n_det_faces,n_gt_faces,e2e_accuracy,cls_accuracy,f1_pipeline,f1_classifier,EDUS,EDUS_rank
YOLO-FP16-P15,YOLO-FP32-Base,4.334,6.792,0.4769,2.5029,3.1304,21.7022,6.7,6.6,0.5282,0.5373,0.5327,0.5373,0.954,1
YOLO-FP16-P10,YOLO-FP16-P15,4.629,3.052,0.4786,2.6018,3.749,21.481,6.8,6.6,0.4707,0.4798,0.4752,0.4798,0.9512,2
YOLO-FP16-P10,YOLO-FP32-P10,4.629,6.104,0.4786,2.6018,3.1544,22.4093,6.8,6.6,0.5045,0.5133,0.5089,0.5133,0.9509,3
YOLO-FP16-P10,YOLO-FP32-Base,4.629,6.792,0.4786,2.6018,3.1252,22.0497,6.8,6.6,0.5064,0.5138,0.5101,0.5138,0.9496,4
YOLO-FP16-P15,YOLO-FP32-P10,4.334,6.104,0.4769,2.5029,3.1428,21.8963,6.7,6.6,0.4874,0.5007,0.494,0.5007,0.9481,5
YOLO-FP16-P15,YOLO-FP32-P15,4.334,5.74,0.4769,2.5029,3.197,21.9852,6.7,6.6,0.476,0.4974,0.4865,0.4974,0.9475,6
YOLO-FP16-P10,YOLO-FP32-P15,4.629,5.74,0.4786,2.6018,3.0914,21.9458,6.8,6.6,0.4799,0.4887,0.4843,0.4887,0.947,7
YOLO-FP16-P10,LANMSFF,4.629,1.224,0.4786,2.6018,0.8463,7.8571,6.8,6.6,0.4208,0.439,0.4297,0.439,0.9466,8
YOLO-FP16-P10,YOLO-INT8-P15,4.629,1.435,0.4786,2.6018,7.627,54.674,6.8,6.6,0.4275,0.4311,0.4293,0.4311,0.946,9
YOLO-FP16-P10,YOLO-FP16-P10,4.629,3.396,0.4786,2.6018,11.7091,73.0503,6.8,6.6,0.443,0.4542,0.4485,0.4542,0.9453,10
YOLO-FP16-P10,YOLO-INT8-P10,4.629,1.526,0.4786,2.6018,9.6886,54.982,6.8,6.6,0.418,0.4292,0.4235,0.4292,0.9447,11
YOLO-FP16-P15,YOLO-INT8-P15,4.334,1.435,0.4769,2.5029,7.5505,37.9704,6.7,6.6,0.4154,0.4199,0.4176,0.4199,0.9439,12
YOLO-FP16-P15,YOLO-FP16-P15,4.334,3.052,0.4769,2.5029,7.3973,48.0786,6.7,6.6,0.4311,0.4334,0.4322,0.4334,0.9431,13
YOLO-FP32-Base,YOLO-INT8-P10,10.228,1.526,0.4943,5.9321,7.6404,40.184,6.75,6.6,0.4651,0.476,0.4705,0.476,0.9413,14
YOLO-FP16-P15,YOLO-INT8-P10,4.334,1.526,0.4769,2.5029,5.6404,28.7641,6.7,6.6,0.4017,0.4081,0.4049,0.4081,0.9412,15
YOLO-FP16-P15,LANMSFF,4.334,1.224,0.4769,2.5029,0.8712,7.8116,6.7,6.6,0.3828,0.4019,0.3921,0.4019,0.9394,16
YOLO-FP16-P15,YOLO-FP16-P10,4.334,3.396,0.4769,2.5029,9.705,72.7224,6.7,6.6,0.4129,0.42,0.4164,0.42,0.9392,17
YOLO-FP32-Base,YOLO-FP32-P10,10.228,6.104,0.4943,5.9321,3.1156,25.3694,6.75,6.6,0.5008,0.5085,0.5046,0.5085,0.9376,18
YOLO-FP32-Base,YOLO-FP16-P10,10.228,3.396,0.4943,5.9321,5.5283,47.0228,6.75,6.6,0.4622,0.4731,0.4676,0.4731,0.9366,19
YOLO-FP16-P15,MobileNetV3,4.334,5.148,0.4769,2.5029,1.4175,21.1928,6.7,6.6,0.4046,0.4386,0.4211,0.4386,0.9363,20
YOLO-FP32-Base,YOLO-FP32-Base,10.228,6.792,0.4943,5.9321,3.097,25.2749,6.75,6.6,0.5014,0.5089,0.5051,0.5089,0.9362,21
YOLO-FP32-Base,YOLO-INT8-P15,10.228,1.435,0.4943,5.9321,7.5626,51.8441,6.75,6.6,0.4357,0.4426,0.4391,0.4426,0.9355,22
YOLO-FP32-Base,YOLO-FP16-P15,10.228,3.052,0.4943,5.9321,3.8473,35.1386,6.75,6.6,0.4503,0.46,0.4551,0.46,0.9349,23
YOLO-FP16-P10,MobileNetV3,4.629,5.148,0.4786,2.6018,1.4793,21.9718,6.8,6.6,0.4015,0.423,0.4121,0.423,0.9344,24
YOLO-FP32-Base,YOLO-FP32-P15,10.228,5.74,0.4943,5.9321,3.1152,25.4089,6.75,6.6,0.4773,0.4894,0.4833,0.4894,0.9343,25
YOLO-FP32-Base,LANMSFF,10.228,1.224,0.4943,5.9321,0.9249,11.7312,6.75,6.6,0.412,0.427,0.4194,0.427,0.9322,26
YOLO-FP32-P15,YOLO-FP32-Base,8.674,6.792,0.4731,6.7948,3.1896,26.4452,6.75,6.6,0.5219,0.5303,0.5261,0.5303,0.931,27
YOLO-FP32-P15,YOLO-FP32-P15,8.674,5.74,0.4731,6.7948,3.1363,26.0022,6.75,6.6,0.5028,0.5212,0.5118,0.5212,0.9306,28
YOLO-FP32-P10,YOLO-FP32-Base,9.257,6.792,0.4763,7.15,3.1314,26.5409,6.7,6.6,0.5049,0.5151,0.5099,0.5151,0.927,29
YOLO-FP32-P10,YOLO-FP16-P10,9.257,3.396,0.4763,7.15,13.6565,110.7249,6.7,6.6,0.452,0.4654,0.4586,0.4654,0.9247,30
YOLO-FP32-P10,LANMSFF,9.257,1.224,0.4763,7.15,0.8609,12.4507,6.7,6.6,0.4208,0.4408,0.4306,0.4408,0.9242,31
YOLO-FP32-P15,YOLO-FP32-P10,8.674,6.104,0.4731,6.7948,3.0872,25.7532,6.75,6.6,0.4781,0.4869,0.4825,0.4869,0.9242,31
YOLO-FP32-P10,YOLO-INT8-P15,9.257,1.435,0.4763,7.15,1.5351,16.8571,6.7,6.6,0.4288,0.4356,0.4322,0.4356,0.924,33
YOLO-FP32-P15,YOLO-INT8-P15,8.674,1.435,0.4731,6.7948,5.5654,34.3843,6.75,6.6,0.4234,0.4268,0.4251,0.4268,0.9236,34
YOLO-FP32-Base,MobileNetV3,10.228,5.148,0.4943,5.9321,1.4439,24.906,6.75,6.6,0.4084,0.429,0.4185,0.429,0.9232,35
YOLO-FP32-P15,YOLO-INT8-P10,8.674,1.526,0.4731,6.7948,11.4235,59.9218,6.75,6.6,0.4066,0.4131,0.4098,0.4131,0.9204,36
YOLO-FP32-P10,YOLO-FP16-P15,9.257,3.052,0.4763,7.15,5.1762,36.0341,6.7,6.6,0.4271,0.4348,0.4309,0.4348,0.9202,37
YOLO-FP32-P15,YOLO-FP16-P15,8.674,3.052,0.4731,6.7948,7.6058,56.0874,6.75,6.6,0.4217,0.4308,0.4262,0.4308,0.9202,37
YOLO-FP32-P15,LANMSFF,8.674,1.224,0.4731,6.7948,0.8568,12.0174,6.75,6.6,0.3897,0.4181,0.4034,0.4181,0.9199,39
YOLO-FP32-P15,YOLO-FP16-P10,8.674,3.396,0.4731,6.7948,11.7789,76.7094,6.75,6.6,0.4221,0.4354,0.4286,0.4354,0.9199,39
YOLO-FP32-P10,YOLO-INT8-P10,9.257,1.526,0.4763,7.15,7.5053,42.4353,6.7,6.6,0.4045,0.4154,0.4099,0.4154,0.9196,41
YOLO-FP32-P10,YOLO-FP32-P10,9.257,6.104,0.4763,7.15,3.1759,26.6986,6.7,6.6,0.4538,0.4649,0.4593,0.4649,0.9188,42
YOLO-INT8-P15,YOLO-FP16-P15,2.17,3.052,0.3515,2.58,3.7195,20.8595,9.7,6.6,0.4543,0.4715,0.4627,0.4715,0.9137,43
YOLO-FP32-P10,YOLO-FP32-P15,9.257,5.74,0.4763,7.15,3.1748,26.7359,6.7,6.6,0.415,0.4245,0.4197,0.4245,0.912,44
YOLO-FP32-P15,MobileNetV3,8.674,5.148,0.4731,6.7948,1.6872,27.1758,6.75,6.6,0.3854,0.4206,0.4025,0.4206,0.911,45
YOLO-INT8-P10,LANMSFF,2.315,1.224,0.3492,2.709,0.9336,8.3208,8.15,6.6,0.4102,0.4481,0.4283,0.4481,0.91,46
YOLO-INT8-P15,YOLO-FP32-P15,2.17,5.74,0.3515,2.58,3.1238,21.7471,9.7,6.6,0.4634,0.4844,0.4737,0.4844,0.9098,47
YOLO-INT8-P15,YOLO-FP32-P10,2.17,6.104,0.3515,2.58,3.123,21.8056,9.7,6.6,0.4734,0.4793,0.4763,0.4793,0.9095,48
YOLO-FP32-P10,MobileNetV3,9.257,5.148,0.4763,7.15,1.4344,26.0093,6.7,6.6,0.388,0.4109,0.3992,0.4109,0.9094,49
YOLO-INT8-P10,YOLO-INT8-P15,2.315,1.435,0.3492,2.709,9.6375,58.4798,8.15,6.6,0.4171,0.4251,0.4211,0.4251,0.908,50
YOLO-INT8-P10,YOLO-FP32-Base,2.315,6.792,0.3492,2.709,3.1289,21.5416,8.15,6.6,0.4775,0.4832,0.4803,0.4832,0.9075,51
YOLO-INT8-P10,YOLO-FP16-P15,2.315,3.052,0.3492,2.709,3.2944,33.2286,8.15,6.6,0.4286,0.4366,0.4326,0.4366,0.9066,52
YOLO-INT8-P15,YOLO-INT8-P15,2.17,1.435,0.3515,2.58,7.588,54.1776,9.7,6.6,0.4016,0.4126,0.407,0.4126,0.9066,52
YOLO-INT8-P15,YOLO-FP32-Base,2.17,6.792,0.3515,2.58,3.0769,21.4736,9.7,6.6,0.4653,0.4715,0.4684,0.4715,0.9064,54
YOLO-INT8-P15,LANMSFF,2.17,1.224,0.3515,2.58,0.9494,8.3408,9.7,6.6,0.382,0.4034,0.3924,0.4034,0.9043,55
YOLO-INT8-P10,YOLO-INT8-P10,2.315,1.526,0.3492,2.709,5.201,24.5692,8.15,6.6,0.3919,0.4032,0.3975,0.4032,0.9033,56
YOLO-INT8-P15,YOLO-INT8-P10,2.17,1.526,0.3515,2.58,10.4072,60.5484,9.7,6.6,0.3782,0.3899,0.384,0.3899,0.902,57
YOLO-INT8-P10,YOLO-FP32-P10,2.315,6.104,0.3492,2.709,3.1239,21.4843,8.15,6.6,0.4368,0.4468,0.4417,0.4468,0.9016,58
YOLO-INT8-P10,YOLO-FP16-P10,2.315,3.396,0.3492,2.709,5.7022,32.713,8.15,6.6,0.3822,0.3942,0.3881,0.3942,0.8973,59
YOLO-INT8-P15,YOLO-FP16-P10,2.17,3.396,0.3515,2.58,5.8877,39.9984,9.7,6.6,0.3682,0.3866,0.3772,0.3866,0.8965,60
YOLO-INT8-P10,YOLO-FP32-P15,2.315,5.74,0.3492,2.709,3.0741,21.2554,8.15,6.6,0.396,0.4003,0.3981,0.4003,0.894,61
YOLO-INT8-P10,MobileNetV3,2.315,5.148,0.3492,2.709,1.4328,21.3454,8.15,6.6,0.3666,0.409,0.387,0.409,0.8933,62
YOLO-INT8-P15,MobileNetV3,2.17,5.148,0.3515,2.58,1.4292,21.315,9.7,6.6,0.3338,0.3653,0.3491,0.3653,0.8872,63
YOLO-FP16-P10,PCNN,4.629,103.524,0.4786,2.6018,3.8458,26.8214,6.8,6.6,0.1294,0.1348,0.132,0.1348,0.6613,64
YOLO-FP16-P15,PCNN,4.334,103.524,0.4769,2.5029,3.9006,26.6372,6.7,6.6,0.1159,0.1198,0.1178,0.1198,0.6586,65
YOLO-FP32-Base,PCNN,10.228,103.524,0.4943,5.9321,3.9108,30.5104,6.75,6.6,0.1616,0.1663,0.1639,0.1663,0.655,66
YOLO-FP32-P10,PCNN,9.257,103.524,0.4763,7.15,3.9534,31.8023,6.7,6.6,0.1248,0.1316,0.1281,0.1316,0.638,67
YOLO-FP32-P15,PCNN,8.674,103.524,0.4731,6.7948,3.8978,30.9429,6.75,6.6,0.1096,0.113,0.1113,0.113,0.6356,68
YOLO-INT8-P15,PCNN,2.17,103.524,0.3515,2.58,3.8606,26.3975,9.7,6.6,0.1442,0.1456,0.1449,0.1456,0.6286,69
YOLO-INT8-P10,PCNN,2.315,103.524,0.3492,2.709,3.8828,26.3928,8.15,6.6,0.1471,0.1521,0.1496,0.1521,0.6282,70
YOLO-FP16-P10,POSTERv2,4.629,180.56,0.4786,2.6018,3.4204,24.1196,6.8,6.6,0.6155,0.6384,0.6267,0.6384,0.5844,71
YOLO-FP16-P15,POSTERv2,4.334,180.56,0.4769,2.5029,3.4246,23.6335,6.7,6.6,0.5871,0.6214,0.6038,0.6214,0.5801,72
YOLO-FP32-Base,POSTERv2,10.228,180.56,0.4943,5.9321,3.3474,27.0268,6.75,6.6,0.621,0.6426,0.6316,0.6426,0.5729,73
YOLO-FP32-P10,POSTERv2,9.257,180.56,0.4763,7.15,3.3616,28.0519,6.7,6.6,0.6155,0.6416,0.6283,0.6416,0.5622,74
YOLO-FP32-P15,POSTERv2,8.674,180.56,0.4731,6.7948,3.4052,27.8377,6.75,6.6,0.6017,0.6386,0.6196,0.6386,0.5614,75
YOLO-INT8-P15,POSTERv2,2.17,180.56,0.3515,2.58,3.3338,23.1848,9.7,6.6,0.6085,0.6439,0.6257,0.6439,0.5491,76
YOLO-INT8-P10,POSTERv2,2.315,180.56,0.3492,2.709,3.4538,23.6893,8.15,6.6,0.5733,0.6185,0.595,0.6185,0.542,77
RT-DETR-FP32,YOLO-FP32-Base,253.4,6.792,0.5247,81.9362,3.0689,101.4211,7.7,6.6,0.5055,0.5143,0.5099,0.5143,0.5141,78
RT-DETR-FP32,YOLO-FP32-P15,253.4,5.74,0.5247,81.9362,3.0992,101.5667,7.7,6.6,0.4856,0.4949,0.4902,0.4949,0.5127,79
RT-DETR-FP32,LANMSFF,253.4,1.224,0.5247,81.9362,0.8685,87.4074,7.7,6.6,0.4132,0.4281,0.4205,0.4281,0.5094,80
RT-DETR-FP32,YOLO-INT8-P15,253.4,1.435,0.5247,81.9362,5.6853,127.8334,7.7,6.6,0.4202,0.4233,0.4217,0.4233,0.5091,81
RT-DETR-FP32,YOLO-FP32-P10,253.4,6.104,0.5247,81.9362,3.1618,101.8964,7.7,6.6,0.4621,0.4707,0.4664,0.4707,0.5073,82
RT-DETR-FP32,YOLO-FP16-P15,253.4,3.052,0.5247,81.9362,5.7947,110.0195,7.7,6.6,0.4247,0.4281,0.4264,0.4281,0.5064,83
RT-DETR-FP32,YOLO-FP16-P10,253.4,3.396,0.5247,81.9362,7.7034,128.8618,7.7,6.6,0.4245,0.4326,0.4285,0.4326,0.506,84
RT-DETR-FP32,YOLO-INT8-P10,253.4,1.526,0.5247,81.9362,11.2244,151.8372,7.7,6.6,0.3995,0.4076,0.4035,0.4076,0.5054,85
RT-DETR-FP32,MobileNetV3,253.4,5.148,0.5247,81.9362,1.4428,101.0384,7.7,6.6,0.3863,0.4075,0.3967,0.4075,0.496,86
RT-DETR-FP32,PCNN,253.4,103.524,0.5247,81.9362,3.9204,106.915,7.7,6.6,0.1196,0.126,0.1227,0.126,0.224,87
RT-DETR-FP32,POSTERv2,253.4,180.56,0.5247,81.9362,3.3395,103.2548,7.7,6.6,0.6055,0.6269,0.616,0.6269,0.1469,88
