detector,classifier,Size_detector,Size_classifier,mAP50-95,det_lat_ms,cls_lat_ms,e2e_lat_ms,n_det_faces,n_gt_faces,e2e_accuracy,cls_accuracy,f1_pipeline,f1_classifier,EDUS,EDUS_rank,EDUS_cr,Rank_cr,Comb_Size,Desk_Rank_cr
YOLO-FP16-P10,YOLO-FP32-Base,4.629,6.792,0.4895,23.5483,28.3041,201.5662,6.8,6.6,0.5189,0.5272,0.523,0.5272,0.9494,1,0.9653789603307915,1,11.421,3
YOLO-FP16-P15,YOLO-FP32-Base,4.334,6.792,0.4842,23.3133,28.2521,199.7182,6.7,6.6,0.5157,0.5231,0.5194,0.5231,0.947,3,0.9616148285438024,2,11.126,1
YOLO-FP16-P10,YOLO-FP32-P10,4.629,6.104,0.4895,23.5483,28.456,202.2658,6.8,6.6,0.5052,0.514,0.5096,0.514,0.9484,2,0.9595327844348783,3,10.733,2
YOLO-FP16-P15,YOLO-FP32-P10,4.334,6.104,0.4842,23.3133,28.3345,199.8449,6.7,6.6,0.4874,0.4987,0.493,0.4987,0.9436,7,0.9485679484225373,4,10.437999999999999,4
YOLO-FP16-P10,YOLO-FP32-P15,4.629,5.74,0.4895,23.5483,28.2896,201.4401,6.8,6.6,0.4799,0.4887,0.4843,0.4887,0.9446,6,0.9463730118780904,5,10.369,8
YOLO-FP16-P15,YOLO-FP32-P15,4.334,5.74,0.4842,23.3133,28.2646,199.3856,6.7,6.6,0.475,0.4935,0.4841,0.4935,0.9428,9,0.9444277621333549,6,10.074,6
YOLO-FP16-P10,MobileNetV3,4.629,5.148,0.4895,23.5483,12.2692,140.4809,6.8,6.6,0.4621,0.488,0.6029,0.6141,0.931,18,0.942354163301751,7,9.777,12
YOLO-FP16-P10,YOLO-FP16-P15,4.629,3.052,0.4895,23.5483,7.3,68.9697,6.8,6.6,0.4582,0.4673,0.4627,0.4673,0.9466,4,0.9407279466952804,8,7.680999999999999,7
YOLO-INT8-P10,MobileNetV3,2.315,5.148,0.4033,24.4833,12.2834,130.0372,7.9,6.6,0.5152,0.5528,0.5679,0.5883,0.8905,62,0.940574107000643,9,7.462999999999999,14
YOLO-FP32-P15,MobileNetV3,8.674,5.148,0.4791,49.9619,12.2789,166.2842,6.75,6.6,0.5152,0.5397,0.605,0.6225,0.8987,57,0.9390127899574198,10,13.822,5
YOLO-FP32-Base,YOLO-FP32-Base,10.228,6.792,0.5038,49.7403,28.1365,228.4137,6.75,6.6,0.5076,0.5151,0.5113,0.5151,0.9239,20,0.9360053460031131,11,17.02,11
YOLO-FP16-P15,YOLO-INT8-P15,4.334,1.435,0.4842,23.3133,7.3399,68.7294,6.7,6.6,0.4431,0.4543,0.4486,0.4543,0.9459,5,0.9349412922478869,12,5.769,28
YOLO-FP16-P15,YOLO-FP16-P15,4.334,3.052,0.4842,23.3133,7.2802,68.3445,6.7,6.6,0.4473,0.4569,0.452,0.4569,0.9429,8,0.9330638002369298,13,7.385999999999999,25
YOLO-FP16-P15,MobileNetV3,4.334,5.148,0.4842,23.3133,12.2733,130.6082,6.7,6.6,0.447,0.472,0.6145,0.6316,0.9314,17,0.93199928914387,14,9.482,17
YOLO-FP32-Base,YOLO-FP32-P10,10.228,6.104,0.5038,49.7403,30.2203,243.1175,6.75,6.6,0.4977,0.5041,0.5009,0.5041,0.9235,21,0.931847110248045,15,16.332,10
YOLO-FP32-P10,YOLO-FP32-Base,9.257,6.792,0.4873,49.9524,28.1366,225.4736,6.7,6.6,0.5081,0.5187,0.5133,0.5187,0.9179,27,0.9306705561877691,16,16.049,16
YOLO-FP32-P15,YOLO-FP32-Base,8.674,6.792,0.4791,49.9619,28.2524,226.0806,6.75,6.6,0.5157,0.5217,0.5187,0.5217,0.9159,28,0.9306218006014836,17,15.466,9
YOLO-FP16-P10,YOLO-FP16-P10,4.629,3.396,0.4895,23.5483,7.2409,68.5648,6.8,6.6,0.4347,0.4458,0.4402,0.4458,0.9417,11,0.9274278098779786,18,8.024999999999999,19
YOLO-FP32-Base,YOLO-FP32-P15,10.228,5.74,0.5038,49.7403,28.5298,230.8321,6.75,6.6,0.4829,0.4956,0.4892,0.4956,0.9221,22,0.92614332360675,19,15.968,18
YOLO-FP32-P15,YOLO-FP32-P15,8.674,5.74,0.4791,49.9619,28.5139,227.6408,6.75,6.6,0.4965,0.5127,0.5045,0.5127,0.9156,29,0.9251080029703788,20,14.414,13
YOLO-FP32-Base,YOLO-INT8-P10,10.228,1.526,0.5038,49.7403,7.4482,96.4714,6.75,6.6,0.4598,0.4694,0.4646,0.4694,0.927,19,0.9224113105048453,21,11.754,15
YOLO-FP16-P10,YOLO-INT8-P15,4.629,1.435,0.4895,23.5483,7.3401,69.3377,6.8,6.6,0.4146,0.4212,0.4179,0.4212,0.942,10,0.9197162808423877,22,6.064,22
YOLO-FP32-Base,YOLO-FP16-P10,10.228,3.396,0.5038,49.7403,7.2266,95.1678,6.75,6.6,0.4553,0.4644,0.4598,0.4644,0.922,23,0.9154093158554647,23,13.623999999999999,20
YOLO-FP16-P10,LANMSFF,4.629,1.224,0.4895,23.5483,5.654,59.1638,6.8,6.6,0.4014,0.4166,0.4089,0.4166,0.9408,12,0.9151392809598266,24,5.853,21
YOLO-FP32-Base,MobileNetV3,10.228,5.148,0.5038,49.7403,12.2674,167.2832,6.75,6.6,0.4545,0.4762,0.613,0.621,0.9095,36,0.9141443547252464,25,15.376,23
YOLO-FP32-P15,YOLO-FP32-P10,8.674,6.104,0.4791,49.9619,28.441,227.1884,6.75,6.6,0.4781,0.4853,0.4817,0.4853,0.9106,34,0.911721047240782,26,14.777999999999999,26
YOLO-INT8-P10,YOLO-FP32-Base,2.315,6.792,0.4033,24.4833,30.0665,209.2869,7.9,6.6,0.4789,0.4942,0.4864,0.4942,0.9086,38,0.9108120789123126,27,9.107,42
YOLO-FP32-Base,YOLO-FP16-P15,10.228,3.052,0.5038,49.7403,7.2944,95.8234,6.75,6.6,0.444,0.4529,0.4484,0.4529,0.9206,24,0.9099044350671326,28,13.28,24
YOLO-INT8-P15,MobileNetV3,2.17,5.148,0.398,24.3988,12.2634,160.0964,10.3,6.6,0.4621,0.5,0.5035,0.5163,0.8767,63,0.9092840947206053,29,7.318,34
YOLO-FP16-P15,YOLO-FP16-P10,4.334,3.396,0.4842,23.3133,7.4501,68.8044,6.7,6.6,0.4036,0.4097,0.4066,0.4097,0.9338,15,0.9071437250393464,30,7.7299999999999995,31
YOLO-FP32-P10,YOLO-FP16-P10,9.257,3.396,0.4873,49.9524,7.2442,94.6864,6.7,6.6,0.4488,0.4627,0.4556,0.4627,0.9149,30,0.9066403270964585,31,12.652999999999999,30
YOLO-FP32-P10,MobileNetV3,9.257,5.148,0.4873,49.9524,12.2716,166.2492,6.7,6.6,0.447,0.4758,0.6059,0.618,0.9018,53,0.90542048040286,32,14.405,32
YOLO-FP16-P10,YOLO-INT8-P10,4.629,1.526,0.4895,23.5483,7.8145,71.7144,6.8,6.6,0.3847,0.3933,0.389,0.3933,0.9365,13,0.9034640621564672,33,6.154999999999999,27
YOLO-FP32-P10,YOLO-FP32-P10,9.257,6.104,0.4873,49.9524,29.6174,234.2594,6.7,6.6,0.4538,0.4649,0.4593,0.4649,0.9095,36,0.9023383180852832,34,15.361,35
YOLO-INT8-P15,YOLO-FP32-P10,2.17,6.104,0.398,24.3988,28.3755,199.871,10.3,6.6,0.4662,0.4762,0.4711,0.4762,0.9054,45,0.9020503038819015,35,8.274000000000001,37
YOLO-FP32-Base,LANMSFF,10.228,1.224,0.5038,49.7403,6.0766,89.6907,6.75,6.6,0.4152,0.427,0.421,0.427,0.9197,25,0.8989900651063267,36,11.452,36
YOLO-FP16-P15,LANMSFF,4.334,1.224,0.4842,23.3133,5.6692,58.6713,6.7,6.6,0.3735,0.3908,0.382,0.3908,0.9341,14,0.8984764549240113,37,5.558,38
YOLO-INT8-P15,LANMSFF,2.17,1.224,0.398,24.3988,5.667,59.502,10.3,6.6,0.4316,0.4574,0.4441,0.4574,0.9113,33,0.8984307147260988,38,3.394,59
YOLO-FP32-Base,YOLO-INT8-P15,10.228,1.435,0.5038,49.7403,7.9746,100.3477,6.75,6.6,0.4153,0.4225,0.4189,0.4225,0.9188,26,0.8973533766086059,39,11.663,29
YOLO-FP32-P10,YOLO-FP16-P15,9.257,3.052,0.4873,49.9524,7.2833,95.0353,6.7,6.6,0.4327,0.4404,0.4365,0.4404,0.9121,32,0.8969144956039011,40,12.309,45
YOLO-FP32-P10,LANMSFF,9.257,1.224,0.4873,49.9524,5.6597,85.2444,6.7,6.6,0.4146,0.4345,0.4243,0.4345,0.914,31,0.8943481303379309,41,10.481,43
YOLO-FP16-P15,YOLO-INT8-P10,4.334,1.526,0.4842,23.3133,8.7903,77.8228,6.7,6.6,0.3717,0.3783,0.375,0.3783,0.9322,16,0.8939858018483514,42,5.859999999999999,33
YOLO-INT8-P10,YOLO-FP16-P15,2.315,3.052,0.4033,24.4833,7.2644,68.3489,7.9,6.6,0.4343,0.446,0.4401,0.446,0.9084,39,0.8939321186805573,43,5.367,54
YOLO-INT8-P15,YOLO-FP32-Base,2.17,6.792,0.398,24.3988,28.8646,202.8848,10.3,6.6,0.4547,0.4597,0.4572,0.4597,0.9013,55,0.8927677385806317,44,8.962,46
YOLO-INT8-P15,YOLO-FP32-P15,2.17,5.74,0.398,24.3988,28.1917,198.7455,10.3,6.6,0.4389,0.4573,0.4479,0.4573,0.9019,52,0.8899703435316865,45,7.91,40
YOLO-FP32-P15,YOLO-FP16-P15,8.674,3.052,0.4791,49.9619,7.326,95.0635,6.75,6.6,0.4248,0.4337,0.4292,0.4337,0.9078,40,0.8897915762852213,46,11.725999999999999,48
YOLO-INT8-P10,YOLO-FP32-P10,2.315,6.104,0.4033,24.4833,28.3146,196.8084,7.9,6.6,0.4399,0.449,0.4444,0.449,0.9024,50,0.8892088607628783,47,8.419,55
YOLO-FP32-P15,YOLO-FP16-P10,8.674,3.396,0.4791,49.9619,7.2126,94.4553,6.75,6.6,0.4221,0.4349,0.4284,0.4349,0.9068,43,0.8885061841862295,48,12.07,47
YOLO-INT8-P15,YOLO-FP16-P15,2.17,3.052,0.398,24.3988,7.2686,68.9907,10.3,6.6,0.4281,0.4377,0.4328,0.4377,0.9051,46,0.8879923851563881,49,5.2219999999999995,39
YOLO-FP32-P10,YOLO-INT8-P15,9.257,1.435,0.4873,49.9524,7.3672,95.7018,6.7,6.6,0.4007,0.4116,0.4061,0.4116,0.9101,35,0.8838117939528863,50,10.692,41
YOLO-FP32-P15,YOLO-INT8-P15,8.674,1.435,0.4791,49.9619,7.3345,95.3453,6.75,6.6,0.4036,0.406,0.4048,0.406,0.9069,42,0.880144347052047,51,10.109,44
YOLO-INT8-P10,LANMSFF,2.315,1.224,0.4033,24.4833,5.6622,58.9618,7.9,6.6,0.3927,0.4219,0.4068,0.4219,0.9064,44,0.8797306301751505,52,3.5389999999999997,52
YOLO-FP32-P10,YOLO-FP32-P15,9.257,5.74,0.4873,49.9524,28.5876,227.8714,6.7,6.6,0.4119,0.421,0.4164,0.421,0.9024,50,0.8794639035097158,53,14.997,53
YOLO-INT8-P15,YOLO-FP16-P10,2.17,3.396,0.398,24.3988,7.3482,69.1807,10.3,6.6,0.4084,0.4145,0.4114,0.4145,0.9004,56,0.8753645634799316,54,5.566,63
YOLO-FP32-P10,YOLO-INT8-P10,9.257,1.526,0.4873,49.9524,8.219,101.9635,6.7,6.6,0.3847,0.396,0.3903,0.396,0.907,41,0.8748413387646186,55,10.783,50
YOLO-INT8-P10,YOLO-INT8-P15,2.315,1.435,0.4033,24.4833,7.3226,68.7463,7.9,6.6,0.3924,0.3972,0.3948,0.3972,0.9037,48,0.8727161541187445,56,3.75,56
YOLO-FP32-P15,YOLO-INT8-P10,8.674,1.526,0.4791,49.9619,7.6758,97.0832,6.75,6.6,0.384,0.3966,0.3902,0.3966,0.904,47,0.8717321371689434,57,10.2,49
YOLO-INT8-P15,YOLO-INT8-P15,2.17,1.435,0.398,24.3988,8.2481,75.0773,10.3,6.6,0.3876,0.3978,0.3926,0.3978,0.9014,54,0.8695049270499743,58,3.605,57
YOLO-FP32-P15,LANMSFF,8.674,1.224,0.4791,49.9619,5.6553,85.1951,6.75,6.6,0.3703,0.3896,0.3797,0.3896,0.9028,49,0.8665965431788755,59,9.898,51
YOLO-INT8-P10,YOLO-FP32-P15,2.315,5.74,0.4033,24.4833,28.2241,196.3166,7.9,6.6,0.3938,0.4018,0.3978,0.4018,0.8946,61,0.8642426768211137,60,8.055,61
YOLO-INT8-P10,YOLO-FP16-P10,2.315,3.396,0.4033,24.4833,7.1724,67.7296,7.9,6.6,0.383,0.3903,0.3866,0.3903,0.8978,59,0.8635684548679505,61,5.711,62
YOLO-INT8-P15,YOLO-INT8-P10,2.17,1.526,0.398,24.3988,8.033,73.1876,10.3,6.6,0.3723,0.3784,0.3753,0.3784,0.898,58,0.8597502875894061,62,3.6959999999999997,60
YOLO-INT8-P10,YOLO-INT8-P10,2.315,1.526,0.4033,24.4833,7.6095,71.9156,7.9,6.6,0.3531,0.3608,0.3569,0.3608,0.8965,60,0.851492177803716,63,3.841,58
YOLO-FP16-P10,PCNN,4.629,103.524,0.4895,23.5483,28.4592,202.6051,6.8,6.6,0.3864,0.408,0.1287,0.1312,0.6611,64,0.6689144911653506,64,108.153,65
YOLO-FP16-P15,PCNN,4.334,103.524,0.4842,23.3133,28.5173,201.2266,6.7,6.6,0.3864,0.408,0.1164,0.1177,0.6571,65,0.667157034847845,65,107.858,64
YOLO-FP32-Base,PCNN,10.228,103.524,0.5038,49.7403,29.0722,237.0558,6.75,6.6,0.3939,0.4127,0.1568,0.1583,0.6429,66,0.6494323087625549,66,113.752,66
YOLO-FP32-P10,PCNN,9.257,103.524,0.4873,49.9524,28.4464,227.5884,6.7,6.6,0.3636,0.3871,0.1248,0.1281,0.6307,67,0.6274557935950982,67,112.781,68
YOLO-FP32-P15,PCNN,8.674,103.524,0.4791,49.9619,28.4329,227.424,6.75,6.6,0.3712,0.3889,0.1046,0.1059,0.624,68,0.6270945380088127,68,112.19800000000001,67
YOLO-INT8-P15,PCNN,2.17,103.524,0.398,24.3988,28.4111,200.3517,10.3,6.6,0.3712,0.4016,0.1184,0.1197,0.6233,70,0.6265926620208246,69,105.694,69
YOLO-INT8-P10,PCNN,2.315,103.524,0.4033,24.4833,28.4204,197.6982,7.9,6.6,0.3485,0.374,0.1091,0.1112,0.6235,69,0.6147033902633036,70,105.839,70
RT-DETR-FP32,YOLO-FP32-Base,253.4,6.792,0.5247,365.7923,29.1328,552.9884,7.7,6.6,0.5055,0.5143,0.5099,0.5143,0.5121,78,0.5430019299578193,71,260.192,71
RT-DETR-FP32,YOLO-FP32-P15,253.4,5.74,0.5247,365.7923,28.2941,546.5268,7.7,6.6,0.4856,0.4949,0.4902,0.4949,0.5108,79,0.5345743999323482,72,259.14,73
YOLO-FP16-P15,POSTERv2,4.334,180.56,0.4842,23.3133,30.3695,213.0918,6.7,6.6,0.4697,0.496,0.6156,0.6325,0.5771,72,0.534099987787861,73,184.894,72
YOLO-FP16-P10,POSTERv2,4.629,180.56,0.4895,23.5483,30.3884,215.0856,6.8,6.6,0.447,0.472,0.6426,0.6545,0.5838,71,0.5229466459833008,74,185.189,74
RT-DETR-FP32,YOLO-FP32-P10,253.4,6.104,0.5247,365.7923,28.3692,547.0042,7.7,6.6,0.4621,0.4707,0.4664,0.4707,0.5056,83,0.5205242986628452,75,259.504,75
RT-DETR-FP32,MobileNetV3,253.4,5.148,0.5247,365.7923,12.2823,503.9952,7.7,6.6,0.447,0.472,0.5967,0.6075,0.4949,86,0.5186710149710324,76,258.548,76
YOLO-FP32-P15,POSTERv2,8.674,180.56,0.4791,49.9619,30.429,239.805,6.75,6.6,0.4773,0.5,0.6291,0.6481,0.5486,75,0.5067432567938991,77,189.234,77
RT-DETR-FP32,LANMSFF,253.4,1.224,0.5247,365.7923,5.6561,401.9165,7.7,6.6,0.4132,0.4281,0.4205,0.4281,0.5081,80,0.5065107834507042,78,254.624,79
RT-DETR-FP32,YOLO-FP16-P10,253.4,3.396,0.5247,365.7923,7.2308,411.3403,7.7,6.6,0.4245,0.4326,0.4285,0.4326,0.5047,84,0.5059116216411568,79,256.796,80
RT-DETR-FP32,YOLO-INT8-P15,253.4,1.435,0.5247,365.7923,8.2039,417.3229,7.7,6.6,0.4171,0.4203,0.4187,0.4203,0.5073,81,0.505129743427162,80,254.835,78
RT-DETR-FP32,YOLO-INT8-P10,253.4,1.526,0.5247,365.7923,7.6492,415.6762,7.7,6.6,0.4076,0.4157,0.4116,0.4157,0.5057,82,0.5009311485675326,81,254.92600000000002,83
RT-DETR-FP32,YOLO-FP16-P15,253.4,3.052,0.5247,365.7923,7.2954,412.0266,7.7,6.6,0.4147,0.4181,0.4164,0.4181,0.5032,85,0.5000656316978951,82,256.452,81
YOLO-FP32-P10,POSTERv2,9.257,180.56,0.4873,49.9524,30.3646,239.866,6.7,6.6,0.4394,0.4677,0.6474,0.6612,0.555,74,0.4902709589764287,83,189.817,82
YOLO-INT8-P10,POSTERv2,2.315,180.56,0.4033,24.4833,30.3515,209.5242,7.9,6.6,0.4318,0.4634,0.592,0.6165,0.5405,77,0.48201092653665284,84,182.875,85
YOLO-FP32-Base,POSTERv2,10.228,180.56,0.5038,49.7403,30.4072,242.7098,6.75,6.6,0.4167,0.4365,0.6449,0.6534,0.5608,73,0.4819041642847305,85,190.788,84
YOLO-INT8-P15,POSTERv2,2.17,180.56,0.398,24.3988,30.3408,212.4133,10.3,6.6,0.4091,0.4426,0.6152,0.6346,0.5428,76,0.46797443538337574,86,182.73,86
RT-DETR-FP32,PCNN,253.4,103.524,0.5247,365.7923,28.4349,547.5884,7.7,6.6,0.3864,0.408,0.1227,0.126,0.2252,87,0.25382876067500754,87,356.924,87
RT-DETR-FP32,POSTERv2,253.4,180.56,0.5247,365.7923,30.3943,560.1283,7.7,6.6,0.4242,0.448,0.616,0.6269,0.144,88,0.09492077464788734,88,433.96000000000004,88
