detector,classifier,Size_detector,Size_classifier,mAP50-95,det_lat_ms,cls_lat_ms,e2e_lat_ms,n_det_faces,n_gt_faces,e2e_accuracy,cls_accuracy,f1_pipeline,f1_classifier,EDUS,EDUS_rank,EDUS_cr,Rank_cr,Comb_Size
YOLO-FP16-P15,YOLO-FP32-Base,4.334,6.792,0.4769,2.5029,3.1304,21.7022,6.7,6.6,0.5282,0.5373,0.5327,0.5373,0.954,1,0.9683181213085351,1,11.126
YOLO-FP16-P10,YOLO-FP32-P10,4.629,6.104,0.4786,2.6018,3.1544,22.4093,6.8,6.6,0.5045,0.5133,0.5089,0.5133,0.9509,3,0.9565782834365775,2,10.733
YOLO-FP16-P10,YOLO-FP32-Base,4.629,6.792,0.4786,2.6018,3.1252,22.0497,6.8,6.6,0.5064,0.5138,0.5101,0.5138,0.9496,4,0.9556354861858345,3,11.421
YOLO-FP16-P15,YOLO-FP32-P10,4.334,6.104,0.4769,2.5029,3.1428,21.8963,6.7,6.6,0.4874,0.5007,0.494,0.5007,0.9481,5,0.9483422453791457,4,10.437999999999999
YOLO-FP32-P15,MobileNetV3,8.674,5.148,0.4731,6.7948,1.6872,27.1758,6.75,6.6,0.5152,0.5397,0.4025,0.4206,0.911,45,0.9478466804395206,5,13.822
YOLO-FP16-P15,YOLO-FP32-P15,4.334,5.74,0.4769,2.5029,3.197,21.9852,6.7,6.6,0.476,0.4974,0.4865,0.4974,0.9475,6,0.9450999513618401,6,10.074
YOLO-FP16-P10,YOLO-FP16-P15,4.629,3.052,0.4786,2.6018,3.749,21.481,6.8,6.6,0.4707,0.4798,0.4752,0.4798,0.9512,2,0.9449534117331498,7,7.680999999999999
YOLO-FP16-P10,YOLO-FP32-P15,4.629,5.74,0.4786,2.6018,3.0914,21.9458,6.8,6.6,0.4799,0.4887,0.4843,0.4887,0.947,7,0.9437068256003791,8,10.369
YOLO-FP32-P15,YOLO-FP32-Base,8.674,6.792,0.4731,6.7948,3.1896,26.4452,6.75,6.6,0.5219,0.5303,0.5261,0.5303,0.931,27,0.9432320602631515,9,15.466
YOLO-FP32-Base,YOLO-FP32-P10,10.228,6.104,0.4943,5.9321,3.1156,25.3694,6.75,6.6,0.5008,0.5085,0.5046,0.5085,0.9376,18,0.9422225248227843,10,16.332
YOLO-FP32-Base,YOLO-FP32-Base,10.228,6.792,0.4943,5.9321,3.097,25.2749,6.75,6.6,0.5014,0.5089,0.5051,0.5089,0.9362,21,0.940890049398501,11,17.02
YOLO-FP16-P10,MobileNetV3,4.629,5.148,0.4786,2.6018,1.4793,21.9718,6.8,6.6,0.4621,0.488,0.4121,0.423,0.9344,24,0.939944825002144,12,9.777
YOLO-FP32-P15,YOLO-FP32-P15,8.674,5.74,0.4731,6.7948,3.1363,26.0022,6.75,6.6,0.5028,0.5212,0.5118,0.5212,0.9306,28,0.9378366598092354,13,14.414
YOLO-INT8-P10,MobileNetV3,2.315,5.148,0.3492,2.709,1.4328,21.3454,8.15,6.6,0.5152,0.5528,0.387,0.409,0.8933,62,0.9362386665732885,14,7.462999999999999
YOLO-FP32-Base,YOLO-INT8-P10,10.228,1.526,0.4943,5.9321,7.6404,40.184,6.75,6.6,0.4651,0.476,0.4705,0.476,0.9413,14,0.9339224865045891,15,11.754
YOLO-FP32-P10,YOLO-FP32-Base,9.257,6.792,0.4763,7.15,3.1314,26.5409,6.7,6.6,0.5049,0.5151,0.5099,0.5151,0.927,29,0.9334123428575154,16,16.049
YOLO-FP16-P15,MobileNetV3,4.334,5.148,0.4769,2.5029,1.4175,21.1928,6.7,6.6,0.447,0.472,0.4211,0.4386,0.9363,20,0.931314486974217,17,9.482
YOLO-FP32-Base,YOLO-FP32-P15,10.228,5.74,0.4943,5.9321,3.1152,25.4089,6.75,6.6,0.4773,0.4894,0.4833,0.4894,0.9343,25,0.9311951639714938,18,15.968
YOLO-FP16-P10,YOLO-FP16-P10,4.629,3.396,0.4786,2.6018,11.7091,73.0503,6.8,6.6,0.443,0.4542,0.4485,0.4542,0.9453,10,0.9292816465385897,19,8.024999999999999
YOLO-FP32-Base,YOLO-FP16-P10,10.228,3.396,0.4943,5.9321,5.5283,47.0228,6.75,6.6,0.4622,0.4731,0.4676,0.4731,0.9366,19,0.927925135365535,20,13.623999999999999
YOLO-FP16-P10,LANMSFF,4.629,1.224,0.4786,2.6018,0.8463,7.8571,6.8,6.6,0.4208,0.439,0.4297,0.439,0.9466,8,0.9239408901608802,21,5.853
YOLO-FP16-P10,YOLO-INT8-P15,4.629,1.435,0.4786,2.6018,7.627,54.674,6.8,6.6,0.4275,0.4311,0.4293,0.4311,0.946,9,0.9231017798219936,22,6.064
YOLO-FP32-Base,MobileNetV3,10.228,5.148,0.4943,5.9321,1.4439,24.906,6.75,6.6,0.4545,0.4762,0.4185,0.429,0.9232,35,0.9225464300780203,23,15.376
YOLO-FP32-Base,YOLO-FP16-P15,10.228,3.052,0.4943,5.9321,3.8473,35.1386,6.75,6.6,0.4503,0.46,0.4551,0.46,0.9349,23,0.9217563889691887,24,13.28
YOLO-FP16-P15,YOLO-FP16-P15,4.334,3.052,0.4769,2.5029,7.3973,48.0786,6.7,6.6,0.4311,0.4334,0.4322,0.4334,0.9431,13,0.9210050380529613,25,7.385999999999999
YOLO-FP32-P15,YOLO-FP32-P10,8.674,6.104,0.4731,6.7948,3.0872,25.7532,6.75,6.6,0.4781,0.4869,0.4825,0.4869,0.9242,31,0.9205198937973348,26,14.777999999999999
YOLO-FP16-P10,YOLO-INT8-P10,4.629,1.526,0.4786,2.6018,9.6886,54.982,6.8,6.6,0.418,0.4292,0.4235,0.4292,0.9447,11,0.9197140460244411,27,6.154999999999999
YOLO-FP16-P15,YOLO-INT8-P15,4.334,1.435,0.4769,2.5029,7.5505,37.9704,6.7,6.6,0.4154,0.4199,0.4176,0.4199,0.9439,12,0.9166484482141628,28,5.769
YOLO-FP32-Base,YOLO-INT8-P15,10.228,1.435,0.4943,5.9321,7.5626,51.8441,6.75,6.6,0.4357,0.4426,0.4391,0.4426,0.9355,22,0.9166152607685416,29,11.663
YOLO-FP32-P10,YOLO-FP16-P10,9.257,3.396,0.4763,7.15,13.6565,110.7249,6.7,6.6,0.452,0.4654,0.4586,0.4654,0.9247,30,0.9127484954792647,30,12.652999999999999
YOLO-FP16-P15,YOLO-FP16-P10,4.334,3.396,0.4769,2.5029,9.705,72.7224,6.7,6.6,0.4129,0.42,0.4164,0.42,0.9392,17,0.9113882003475421,31,7.7299999999999995
YOLO-FP32-P10,MobileNetV3,9.257,5.148,0.4763,7.15,1.4344,26.0093,6.7,6.6,0.447,0.4758,0.3992,0.4109,0.9094,49,0.91016242930317,32,14.405
YOLO-FP16-P15,YOLO-INT8-P10,4.334,1.526,0.4769,2.5029,5.6404,28.7641,6.7,6.6,0.4017,0.4081,0.4049,0.4081,0.9412,15,0.9093236436835092,33,5.859999999999999
YOLO-INT8-P15,MobileNetV3,2.17,5.148,0.3515,2.58,1.4292,21.315,9.7,6.6,0.4621,0.5,0.3491,0.3653,0.8872,63,0.9079687864266525,34,7.318
YOLO-FP32-P10,YOLO-FP32-P10,9.257,6.104,0.4763,7.15,3.1759,26.6986,6.7,6.6,0.4538,0.4649,0.4593,0.4649,0.9188,42,0.9067674473466459,35,15.361
YOLO-FP32-Base,LANMSFF,10.228,1.224,0.4943,5.9321,0.9249,11.7312,6.75,6.6,0.412,0.427,0.4194,0.427,0.9322,26,0.9061526770087627,36,11.452
YOLO-INT8-P15,YOLO-FP32-P10,2.17,6.104,0.3515,2.58,3.123,21.8056,9.7,6.6,0.4734,0.4793,0.4763,0.4793,0.9095,48,0.9030853991114585,37,8.274000000000001
YOLO-FP16-P15,LANMSFF,4.334,1.224,0.4769,2.5029,0.8712,7.8116,6.7,6.6,0.3828,0.4019,0.3921,0.4019,0.9394,16,0.9030383740434452,38,5.558
YOLO-INT8-P15,YOLO-FP16-P15,2.17,3.052,0.3515,2.58,3.7195,20.8595,9.7,6.6,0.4543,0.4715,0.4627,0.4715,0.9137,43,0.9027374785533029,39,5.2219999999999995
YOLO-INT8-P15,YOLO-FP32-P15,2.17,5.74,0.3515,2.58,3.1238,21.7471,9.7,6.6,0.4634,0.4844,0.4737,0.4844,0.9098,47,0.9025816365018309,40,7.91
YOLO-FP32-P10,YOLO-INT8-P15,9.257,1.435,0.4763,7.15,1.5351,16.8571,6.7,6.6,0.4288,0.4356,0.4322,0.4356,0.924,33,0.902552567317979,41,10.692
YOLO-INT8-P10,YOLO-FP32-Base,2.315,6.792,0.3492,2.709,3.1289,21.5416,8.15,6.6,0.4775,0.4832,0.4803,0.4832,0.9075,51,0.9024356712900111,42,9.107
YOLO-FP32-P10,LANMSFF,9.257,1.224,0.4763,7.15,0.8609,12.4507,6.7,6.6,0.4208,0.4408,0.4306,0.4408,0.9242,31,0.9022749301320946,43,10.481
YOLO-FP32-P15,YOLO-INT8-P15,8.674,1.435,0.4731,6.7948,5.5654,34.3843,6.75,6.6,0.4234,0.4268,0.4251,0.4268,0.9236,34,0.8994282654222441,44,10.109
YOLO-FP32-P10,YOLO-FP16-P15,9.257,3.052,0.4763,7.15,5.1762,36.0341,6.7,6.6,0.4271,0.4348,0.4309,0.4348,0.9202,37,0.8980688733877815,45,12.309
YOLO-INT8-P15,YOLO-FP32-Base,2.17,6.792,0.3515,2.58,3.0769,21.4736,9.7,6.6,0.4653,0.4715,0.4684,0.4715,0.9064,54,0.8970391576416031,46,8.962
YOLO-FP32-P15,YOLO-FP16-P10,8.674,3.396,0.4731,6.7948,11.7789,76.7094,6.75,6.6,0.4221,0.4354,0.4286,0.4354,0.9199,39,0.8968788648663913,47,12.07
YOLO-FP32-P15,YOLO-FP16-P15,8.674,3.052,0.4731,6.7948,7.6058,56.0874,6.75,6.6,0.4217,0.4308,0.4262,0.4308,0.9202,37,0.8962868533712413,48,11.725999999999999
YOLO-FP32-P15,YOLO-INT8-P10,8.674,1.526,0.4731,6.7948,11.4235,59.9218,6.75,6.6,0.4066,0.4131,0.4098,0.4131,0.9204,36,0.8907095922888111,49,10.2
YOLO-FP32-P10,YOLO-INT8-P10,9.257,1.526,0.4763,7.15,7.5053,42.4353,6.7,6.6,0.4045,0.4154,0.4099,0.4154,0.9196,41,0.8899294094542163,50,10.783
YOLO-FP32-P15,LANMSFF,8.674,1.224,0.4731,6.7948,0.8568,12.0174,6.75,6.6,0.3897,0.4181,0.4034,0.4181,0.9199,39,0.8881127967274691,51,9.898
YOLO-INT8-P10,LANMSFF,2.315,1.224,0.3492,2.709,0.9336,8.3208,8.15,6.6,0.4102,0.4481,0.4283,0.4481,0.91,46,0.8869346846737283,52,3.5389999999999997
YOLO-FP32-P10,YOLO-FP32-P15,9.257,5.74,0.4763,7.15,3.1748,26.7359,6.7,6.6,0.415,0.4245,0.4197,0.4245,0.912,44,0.8855266154978316,53,14.997
YOLO-INT8-P10,YOLO-FP16-P15,2.315,3.052,0.3492,2.709,3.2944,33.2286,8.15,6.6,0.4286,0.4366,0.4326,0.4366,0.9066,52,0.884557318924474,54,5.367
YOLO-INT8-P10,YOLO-FP32-P10,2.315,6.104,0.3492,2.709,3.1239,21.4843,8.15,6.6,0.4368,0.4468,0.4417,0.4468,0.9016,58,0.8825435479236183,55,8.419
YOLO-INT8-P10,YOLO-INT8-P15,2.315,1.435,0.3492,2.709,9.6375,58.4798,8.15,6.6,0.4171,0.4251,0.4211,0.4251,0.908,50,0.8819286275592688,56,3.75
YOLO-INT8-P15,YOLO-INT8-P15,2.17,1.435,0.3515,2.58,7.588,54.1776,9.7,6.6,0.4016,0.4126,0.407,0.4126,0.9066,52,0.8753902032693365,57,3.605
YOLO-INT8-P10,YOLO-INT8-P10,2.315,1.526,0.3492,2.709,5.201,24.5692,8.15,6.6,0.3919,0.4032,0.3975,0.4032,0.9033,56,0.868579660834354,58,3.841
YOLO-INT8-P15,LANMSFF,2.17,1.224,0.3515,2.58,0.9494,8.3408,9.7,6.6,0.382,0.4034,0.3924,0.4034,0.9043,55,0.8678581188877158,59,3.394
YOLO-INT8-P15,YOLO-INT8-P10,2.17,1.526,0.3515,2.58,10.4072,60.5484,9.7,6.6,0.3782,0.3899,0.384,0.3899,0.902,57,0.8623183576224303,60,3.6959999999999997
YOLO-INT8-P10,YOLO-FP32-P15,2.315,5.74,0.3492,2.709,3.0741,21.2554,8.15,6.6,0.396,0.4003,0.3981,0.4003,0.894,61,0.8590404164927262,61,8.055
YOLO-INT8-P10,YOLO-FP16-P10,2.315,3.396,0.3492,2.709,5.7022,32.713,8.15,6.6,0.3822,0.3942,0.3881,0.3942,0.8973,59,0.8589844508477799,62,5.711
YOLO-INT8-P15,YOLO-FP16-P10,2.17,3.396,0.3515,2.58,5.8877,39.9984,9.7,6.6,0.3682,0.3866,0.3772,0.3866,0.8965,60,0.8542336349133096,63,5.566
YOLO-FP16-P15,PCNN,4.334,103.524,0.4769,2.5029,3.9006,26.6372,6.7,6.6,0.3864,0.408,0.1178,0.1198,0.6586,65,0.6661620620368984,64,107.858
YOLO-FP16-P10,PCNN,4.629,103.524,0.4786,2.6018,3.8458,26.8214,6.8,6.6,0.3864,0.408,0.132,0.1348,0.6613,64,0.6661166802783058,65,108.153
YOLO-FP32-Base,PCNN,10.228,103.524,0.4943,5.9321,3.9108,30.5104,6.75,6.6,0.3939,0.4127,0.1639,0.1663,0.655,66,0.6575338261697845,66,113.752
YOLO-FP32-P15,PCNN,8.674,103.524,0.4731,6.7948,3.8978,30.9429,6.75,6.6,0.3712,0.3889,0.1113,0.113,0.6356,68,0.6352159826163706,67,112.19800000000001
YOLO-FP32-P10,PCNN,9.257,103.524,0.4763,7.15,3.9534,31.8023,6.7,6.6,0.3636,0.3871,0.1281,0.1316,0.638,67,0.6317589390183109,68,112.781
YOLO-INT8-P15,PCNN,2.17,103.524,0.3515,2.58,3.8606,26.3975,9.7,6.6,0.3712,0.4016,0.1449,0.1456,0.6286,69,0.6247659568253339,69,105.694
YOLO-INT8-P10,PCNN,2.315,103.524,0.3492,2.709,3.8828,26.3928,8.15,6.6,0.3485,0.374,0.1496,0.1521,0.6282,70,0.6094619087620151,70,105.839
RT-DETR-FP32,YOLO-FP32-Base,253.4,6.792,0.5247,81.9362,3.0689,101.4211,7.7,6.6,0.5055,0.5143,0.5099,0.5143,0.5141,78,0.5398775949082535,71,260.192
YOLO-FP16-P15,POSTERv2,4.334,180.56,0.4769,2.5029,3.4246,23.6335,6.7,6.6,0.4697,0.496,0.6038,0.6214,0.5801,72,0.5335318792516036,72,184.894
RT-DETR-FP32,YOLO-FP32-P15,253.4,5.74,0.5247,81.9362,3.0992,101.5667,7.7,6.6,0.4856,0.4949,0.4902,0.4949,0.5127,79,0.531379288044325,73,259.14
YOLO-FP16-P10,POSTERv2,4.629,180.56,0.4786,2.6018,3.4204,24.1196,6.8,6.6,0.447,0.472,0.6267,0.6384,0.5844,71,0.5204590057375497,74,185.189
RT-DETR-FP32,YOLO-FP32-P10,253.4,6.104,0.5247,81.9362,3.1618,101.8964,7.7,6.6,0.4621,0.4707,0.4664,0.4707,0.5073,82,0.5172207966362572,75,259.504
RT-DETR-FP32,MobileNetV3,253.4,5.148,0.5247,81.9362,1.4428,101.0384,7.7,6.6,0.447,0.472,0.3967,0.4075,0.496,86,0.5156218102712311,76,258.548
YOLO-FP32-P15,POSTERv2,8.674,180.56,0.4731,6.7948,3.4052,27.8377,6.75,6.6,0.4773,0.5,0.6196,0.6386,0.5614,75,0.5153894378855514,77,189.234
RT-DETR-FP32,YOLO-INT8-P15,253.4,1.435,0.5247,81.9362,5.6853,127.8334,7.7,6.6,0.4202,0.4233,0.4217,0.4233,0.5091,81,0.5032421137743821,78,254.835
RT-DETR-FP32,LANMSFF,253.4,1.224,0.5247,81.9362,0.8685,87.4074,7.7,6.6,0.4132,0.4281,0.4205,0.4281,0.5094,80,0.5031308612788652,79,254.624
RT-DETR-FP32,YOLO-FP16-P10,253.4,3.396,0.5247,81.9362,7.7034,128.8618,7.7,6.6,0.4245,0.4326,0.4285,0.4326,0.506,84,0.5024466151355945,80,256.796
RT-DETR-FP32,YOLO-FP16-P15,253.4,3.052,0.5247,81.9362,5.7947,110.0195,7.7,6.6,0.4247,0.4281,0.4264,0.4281,0.5064,83,0.5020495127544413,81,256.452
YOLO-FP32-P10,POSTERv2,9.257,180.56,0.4763,7.15,3.3616,28.0519,6.7,6.6,0.4394,0.4677,0.6283,0.6416,0.5622,74,0.4949725936503372,82,189.817
RT-DETR-FP32,YOLO-INT8-P10,253.4,1.526,0.5247,81.9362,11.2244,151.8372,7.7,6.6,0.3995,0.4076,0.4035,0.4076,0.5054,85,0.49287901462144595,83,254.92600000000002
YOLO-FP32-Base,POSTERv2,10.228,180.56,0.4943,5.9321,3.3474,27.0268,6.75,6.6,0.4167,0.4365,0.6316,0.6426,0.5729,73,0.4901170116754143,84,190.788
YOLO-INT8-P10,POSTERv2,2.315,180.56,0.3492,2.709,3.4538,23.6893,8.15,6.6,0.4318,0.4634,0.595,0.6185,0.542,77,0.477223224858152,85,182.875
YOLO-INT8-P15,POSTERv2,2.17,180.56,0.3515,2.58,3.3338,23.1848,9.7,6.6,0.4091,0.4426,0.6257,0.6439,0.5491,76,0.4663604325872822,86,182.73
RT-DETR-FP32,PCNN,253.4,103.524,0.5247,81.9362,3.9204,106.915,7.7,6.6,0.3864,0.408,0.1227,0.126,0.224,87,0.2504693853339125,87,356.924
RT-DETR-FP32,POSTERv2,253.4,180.56,0.5247,81.9362,3.3395,103.2548,7.7,6.6,0.4242,0.448,0.616,0.6269,0.1469,88,0.09175639488633183,88,433.96000000000004
